{"_aTracks":[{"_uiColor":3109805,"_aTrackItems":[{"factoryKey":"TrackItem","_trackSource":{"jsonPath":"/Users/qrac/creative/suda-puppet/suda-puppet-project/Ch Data/temp.noindex/compiler/sources/4dd975af-7cc6-0707-1bc0-610900000032.json","p":"/ProjectItems/.Parts/Character Animator プロジェクト 4 Parts/Scene Puppet","classInstance":"Puppet instance","factoryKey":"PPath"},"_timeItem":{"_trimOutTime":36000,"_trimInTime":0,"_durationTime":36000,"_parentOffsetTime":0,"factoryKey":"TimeItem_001"},"_rootTrackItemPuppet":{"_behaviorBag":{"BB2":{"_instanceID":"TIB36","_bEnabled":true,"_boundBehaviorArrayID":"BB2","_egPile":{"_aPileItems":[],"factoryKey":"EventGraphPile_"},"_paramBag":[],"_bArmedForRecord":true,"factoryKey":"BehaviorInstance_001","_behaviorID":"Adobe.RigDynamicsWorld.js","_paramArmedBag":[]},"BB1":{"_instanceID":"TIB35","_bEnabled":true,"_boundBehaviorArrayID":"BB1","_egPile":{"_aPileItems":[],"factoryKey":"EventGraphPile_"},"_paramBag":[],"_bArmedForRecord":true,"factoryKey":"BehaviorInstance_001","_behaviorID":"Adobe.Box2dWorld.js","_paramArmedBag":[]}},"_children":[],"factoryKey":"PuppetInstance_001"}}],"_bUserVisible":false,"_bEnabled":true,"_maxTrackItems":1,"_bArmedForRecord":false,"_kind":"trackKind_puppet","factoryKey":"Track"},{"_uiColor":43514,"_aTrackItems":[{"factoryKey":"TrackItem","_trackSource":{"jsonPath":"/Users/qrac/creative/suda-puppet/suda-puppet-project/Ch Data/temp.noindex/compiler/sources/8e9bfb6c-4276-93c5-5de5-76f700000032.json","p":"/ProjectItems/suda-puppet","classInstance":"Puppet instance","factoryKey":"PPath"},"_timeItem":{"_trimOutTime":300,"_trimInTime":0,"_durationTime":300,"_parentOffsetTime":0,"factoryKey":"TimeItem_001"},"_rootTrackItemPuppet":{"_behaviorBag":{"BB2":{"_instanceID":"TIB49","_bEnabled":true,"_boundBehaviorArrayID":"BB2","_egPile":{"_aPileItems":[],"factoryKey":"EventGraphPile_"},"_paramBag":[],"_bArmedForRecord":true,"factoryKey":"BehaviorInstance_001","_behaviorID":"Adobe.FaceTracker2.js","_paramArmedBag":[]},"BB3":{"_instanceID":"TIB50","_bEnabled":true,"_boundBehaviorArrayID":"BB3","_egPile":{"_aPileItems":[],"factoryKey":"EventGraphPile_"},"_paramBag":[],"_bArmedForRecord":true,"factoryKey":"BehaviorInstance_001","_behaviorID":"Adobe.LipSync2.js","_paramArmedBag":[]},"BB8":{"_instanceID":"TIB55","_bEnabled":true,"_boundBehaviorArrayID":"BB8","_egPile":{"_aPileItems":[],"factoryKey":"EventGraphPile_"},"_paramBag":[],"_bArmedForRecord":true,"factoryKey":"BehaviorInstance_001","_behaviorID":"Adobe.Transform.js","_paramArmedBag":[]},"BB1":{"_instanceID":"TIB48","_bEnabled":true,"_boundBehaviorArrayID":"BB1","_egPile":{"_aPileItems":[],"factoryKey":"EventGraphPile_"},"_paramBag":[],"_bArmedForRecord":true,"factoryKey":"BehaviorInstance_001","_behaviorID":"Adobe.EyeGaze.js","_paramArmedBag":[]},"BB6":{"_instanceID":"TIB53","_bEnabled":true,"_boundBehaviorArrayID":"BB6","_egPile":{"_aPileItems":[],"factoryKey":"EventGraphPile_"},"_paramBag":[],"_bArmedForRecord":true,"factoryKey":"BehaviorInstance_001","_behaviorID":"Adobe.Triggers.js","_paramArmedBag":[]},"BB7":{"_instanceID":"TIB54","_bEnabled":true,"_boundBehaviorArrayID":"BB7","_egPile":{"_aPileItems":[],"factoryKey":"EventGraphPile_"},"_paramBag":[],"_bArmedForRecord":true,"factoryKey":"BehaviorInstance_001","_behaviorID":"Adobe.RigDynamics.js","_paramArmedBag":[]},"BB4":{"_instanceID":"TIB51","_bEnabled":true,"_boundBehaviorArrayID":"BB4","_egPile":{"_aPileItems":[],"factoryKey":"EventGraphPile_"},"_paramBag":[],"_bArmedForRecord":true,"factoryKey":"BehaviorInstance_001","_behaviorID":"Adobe.Dragger3.js","_paramArmedBag":[]},"BB5":{"_instanceID":"TIB52","_bEnabled":true,"_boundBehaviorArrayID":"BB5","_egPile":{"_aPileItems":[],"factoryKey":"EventGraphPile_"},"_paramBag":[],"_bArmedForRecord":true,"factoryKey":"BehaviorInstance_001","_behaviorID":"Adobe.HandleFixer.js","_paramArmedBag":[]}},"_children":{"B2":{"_behaviorBag":{"BB2":{"_instanceID":"TIB56","_bEnabled":true,"_boundBehaviorArrayID":"BB2","_egPile":{"_aPileItems":[],"factoryKey":"EventGraphPile_"},"_paramBag":[],"_bArmedForRecord":true,"factoryKey":"BehaviorInstance_001","_behaviorID":"Adobe.Blinker.js","_paramArmedBag":[]}},"_children":{"B2":{"_behaviorBag":[],"_children":{"B11":{"_behaviorBag":{"BB1":{"_instanceID":"TIB58","_bEnabled":true,"_boundBehaviorArrayID":"BB1","_egPile":{"_aPileItems":[],"factoryKey":"EventGraphPile_"},"_paramBag":[],"_bArmedForRecord":true,"factoryKey":"BehaviorInstance_001","_behaviorID":"Adobe.Breathe.js","_paramArmedBag":[]}},"_children":[],"factoryKey":"PuppetInstance_001"}},"factoryKey":"PuppetInstance_001"},"B3":{"_behaviorBag":[],"_children":{"B20":{"_behaviorBag":{"BB1":{"_instanceID":"TIB57","_bEnabled":true,"_boundBehaviorArrayID":"BB1","_egPile":{"_aPileItems":[],"factoryKey":"EventGraphPile_"},"_paramBag":[],"_bArmedForRecord":true,"factoryKey":"BehaviorInstance_001","_behaviorID":"Adobe.Particles.js","_paramArmedBag":[]}},"_children":[],"factoryKey":"PuppetInstance_001"}},"factoryKey":"PuppetInstance_001"}},"factoryKey":"PuppetInstance_001"}},"factoryKey":"PuppetInstance_001"}}],"_bUserVisible":true,"_bEnabled":true,"_maxTrackItems":1,"_bArmedForRecord":true,"_kind":"trackKind_puppet","factoryKey":"Track"}],"_simulationRateFactor":1,"_framerate":12,"_sGuid":"f7d1afca-1e2a-4fd5-9185-55851b0cc2a0","_recordingSpeed":1,"_tUiState":{"nextTrackColorIndex":2},"_scenePuppetTrackItemCPath":{"factoryKey":"CPath","p":"/ProjectItems/scene01:_children:_idaTracks:idaTracks1:_idaTrackItems:idaTrackItems1"},"_centeredOrigin":true,"_pixWidth":1920,"_playbackSpeed":1,"_children":{"_sceneData":{"_framerate":12,"_sGuid":"f7d1afca-1e2a-4fd5-9185-55851b0cc2a0","_tUiState":{"nextTrackColorIndex":2},"factoryKey":"SceneData","_centeredOrigin":true,"_pixHeight":2500,"_sceneDurationSec":30,"_pixWidth":1920,"_playbackSpeed":1,"_takeCounter":0,"_scenePuppetTrackItemCPath":{"factoryKey":"CPath","p":"/ProjectItems/scene01:_children:_idaTracks:idaTracks1:_idaTrackItems:idaTrackItems1"},"_recordingSpeed":1,"_simulationRateFactor":1},"_idaMarkers":{"_children":{"tRootData":{"factoryKey":"ProjectUIData_001","_nItems":0,"_lastID":0,"_sPrefix":"idaMarkers"}},"factoryKey":"IDAtomizedArray_001"}},"factoryKey":"Scene","_takeCounter":0,"_sceneDurationSec":30,"_pixHeight":2500,"pPath":{"p":"/ProjectItems/scene01","factoryKey":"PPath"}}