{"paths":[],"puppet":{"type":"Puppet","ppath":"/ProjectItems/.Parts/Character Animator プロジェクト 4 Parts/Scene Puppet","triggerGroups":[],"warpDomain":"auto","warpHash":"c78b2af5-f672-1fd8-39f8-06a300000034","layers":[],"name":"Scene Puppet","warpMinTriangleAreaHint":4,"handle":{"tagBackstageId":"/origin","anchor":[0,0],"name":"/origin","origin":[0,0],"originParent_Local":[0,0],"writable":true,"children":[],"locations":[[0,0]]},"behaviors":[{"boundBehaviorArrayID":"BB1","puppetBehaviorParams":[],"behaviorPPath":"/$Behaviors/Adobe.Box2dWorld.js","aProjectBehaviorParams":[{"id":"walls","type":"checkbox","dephault":true,"uiName":"$$$/private/animal/Behavior/Box2d/World/Parameter/walls=Add Walls"},{"uiName":"$$$/private/animal/Behavior/Box2d/World/Parameter/fps=Simulation FPS","type":"slider","max":1000,"id":"fps","precision":1,"dephault":60,"min":60}],"behaviorRef":"behaviors/Adobe.Box2dWorld.js","puppetBehaviorCPath":"/ProjectItems/.Parts/Character Animator プロジェクト 4 Parts/Scene Puppet:_aBoundBehaviors:BB1"},{"boundBehaviorArrayID":"BB2","puppetBehaviorParams":[],"behaviorPPath":"/$Behaviors/Adobe.RigDynamicsWorld.js","aProjectBehaviorParams":[{"uiName":"$$$/animal/Behavior/RigDynamicsWorld/Parameter/pin=Attachment Strength","type":"slider","max":10000,"id":"pin","precision":0,"dephault":100,"min":0},{"uiName":"$$$/animal/Behavior/RigDynamicsWorld/Parameter/iterations=Number of Iterations","type":"slider","hidden":true,"max":1000,"id":"iterations","precision":0,"dephault":10,"min":0},{"uiName":"$$$/animal/Behavior/RigDynamicsWorld/Parameter/reset=Reset","type":"checkbox","id":"reset","dephault":false,"hidden":true}],"behaviorRef":"behaviors/Adobe.RigDynamicsWorld.js","puppetBehaviorCPath":"/ProjectItems/.Parts/Character Animator プロジェクト 4 Parts/Scene Puppet:_aBoundBehaviors:BB2"}],"warpMeshExpansion":0},"images":[],"graphics":[]}